{"cameraMode":{"drawMode":0,"name":"Shaded","section":"Shading Mode"},"sceneLighting":false,"audioPlay":false,"sceneViewState":{"showFog":true,"showMaterialUpdate":false,"showSkybox":false,"showFlares":true,"showImageEffects":true,"showParticleSystems":true},"in2DMode":false,"pivot":{"x":0.5540000200271606,"y":0.7940000295639038,"z":1.3830000162124634},"rotation":{"x":-0.06029171124100685,"y":0.5877389907836914,"z":-0.043984342366456988,"w":-0.805601179599762},"size":2.8578836917877199,"orthographic":true}